AA,AXP,BA,BAC,CAT,CSCO,CVX,DD,DIS,GE,HD,HPQ,IBM,INTC,JNJ,JPM,KO,MCD,MMM,MRK,MSFT,PFE,PG,T,TRV,UNH,UTX,VZ,WMT,XOM,^DJI
9.059989,57.669998,70.029999,9.1,90.870003,18.809998999999998,117.779999,51.189997,52.919998,22.360001,59.389998999999996,17.21,205.28999299999998,22.799999,69.0,41.23,38.119999,93.709999,93.730003,45.139998999999996,30.780001000000002,24.75,69.760002,38.25,68.41999799999999,55.98,80.029999,45.68,74.739998,91.879997,13558.919922
8.83999,57.130001,69.379997,8.93,87.010002,18.67,116.93,50.45,52.540001000000004,22.309998999999998,59.720001,16.709999,204.979996,22.540001,69.32,40.549999,37.68,92.860001,92.83000200000001,45.110001000000004,30.389999,24.84,69.589996,38.060001,68.480003,56.200001,78.769997,45.619999,74.260002,91.739998,13457.549805
8.88999,56.139998999999996,70.25,8.82,86.949997,18.58,116.300003,50.499998,51.939999,22.1,59.169998,17.109999,204.0,22.65,69.0,40.240002000000004,37.759997999999996,93.199997,92.589996,45.009997999999996,30.17,24.83,69.300003,38.080002,67.779999,55.779999,78.529999,45.59,74.190002,91.230003,13413.509766
8.989989999999999,56.57,70.099998,8.97,86.91999799999999,18.799999,117.199997,50.839998,52.580002,22.73,59.880001,17.229999,205.91000400000001,23.09,69.010002,40.68,38.310001,93.269997,92.82,45.23,30.16,24.959999,69.300003,37.990002000000004,68.410004,56.240002000000004,78.349998,45.759997999999996,73.980003,91.800003,13485.969727000002
8.85999,56.860001000000004,69.599998,8.83,86.040001,19.1,116.559998,50.27,52.279999,22.709999,60.369999,17.059998999999998,207.449997,22.66,68.910004,40.48,37.93,91.75,92.41999799999999,45.099998,29.76,24.85,69.360001,37.700001,68.260002,55.41,78.290001,45.57,73.800003,91.449997,13437.129883000001
8.909989999999999,57.73,70.010002,8.96,85.470001,19.040001,117.25,50.359998,52.07,22.809998999999998,60.57,17.21,210.47000099999997,22.76,69.129997,40.970001,38.380001,91.989998,93.290001,45.220001,29.49,25.040001,69.449997,37.75,69.07,56.459998999999996,78.349998,45.810001,74.050003,91.800003,13515.110352000002
8.84999,57.18,69.529999,8.93,85.470001,18.870001000000002,117.959999,49.500001,51.639998999999996,22.790001,60.330002,17.129998999999998,209.83999599999999,22.84,68.959999,40.919998,38.34,90.93,93.540001,45.470001,29.66,25.120001000000002,68.790001,37.810001,68.699997,56.799999,78.389999,45.860001000000004,73.75,91.720001,13482.360352000002
8.77999,57.400002,69.860001,9.11,85.279999,18.93,116.139999,49.44,52.470001,22.91,61.77,14.909999,210.50999500000003,22.549999,69.0,40.860001000000004,38.240002000000004,90.349998,93.779999,45.779999,29.860001,25.32,69.16999799999999,38.169998,69.010002,56.860001000000004,78.559998,46.279999,74.199997,91.699997,13494.610352000002
9.069989999999999,58.369999,69.940002,9.41,85.959999,18.9,117.150002,49.749999,52.630001,22.950001,61.740002000000004,14.939998999999998,210.38999900000002,22.469998999999998,69.269997,41.82,38.330002,91.029999,94.43,46.119999,30.030001000000002,25.35,69.379997,38.34,69.279999,57.970001,78.529999,47.259997999999996,74.720001,92.220001,13575.360352000002
9.089989,58.560001,70.889999,9.32,85.43,18.860001,117.5,50.35,52.970001,23.120001000000002,63.200001,14.73,210.58999599999999,22.68,69.650002,41.709998999999996,38.580002,91.0,94.959999,46.279999,29.85,25.52,69.629997,37.860001000000004,69.559998,57.130001,78.510002,47.049999,75.129997,92.550003,13610.150391
9.119989,58.82,70.57,9.28,85.440002,18.9,117.620003,50.259997999999996,52.330002,22.92,61.880001,14.46,209.82000699999998,22.51,69.440002,41.66,38.580002,91.540001,95.370003,46.34,29.780001000000002,25.4,69.099998,37.66,69.540001,57.599998,78.370003,46.57,75.25,92.68,13583.650391
9.12999,58.240002000000004,70.639999,9.21,84.75,18.799999,117.360001,49.500001,51.509997999999996,22.620001000000002,60.950001,14.369998999999998,207.990005,21.9,68.410004,41.380001,38.560001,92.110001,93.940002,46.169998,29.280001000000002,25.309998999999998,68.699997,37.139998999999996,69.32,57.470001,77.33000200000001,46.110001000000004,74.139999,92.129997,13473.530272999998
8.70999,57.970001,70.339996,9.21,83.160004,18.309998999999998,112.449997,49.12,51.209998999999996,22.43,59.740002000000004,14.18,205.820007,21.76,68.220001,41.77,38.09,92.400002,93.279999,45.599998,28.98,25.16,68.139999,36.919998,69.400002,57.110001000000004,76.019997,45.779999,75.41999799999999,91.029999,13344.969727
8.76999,58.470001,70.83000200000001,9.34,82.849998,18.26,113.059998,48.78,50.34,22.51,59.009997999999996,14.25,205.759995,21.68,67.970001,42.099998,38.110001000000004,92.360001,92.83000200000001,45.450001,28.950001,25.120001000000002,68.0,36.259997999999996,69.160004,57.66,76.050003,45.200001,75.010002,91.16999799999999,13326.389648
8.68999,57.889998999999996,71.849998,9.12,82.82,18.41,112.07,48.689997,50.59,22.48,59.560001,14.409999,207.800003,21.48,67.970001,41.619999,38.23,92.510002,92.75,45.619999,29.200001,25.120001000000002,67.940002,35.630001,68.720001,57.07,75.959999,44.619999,75.809998,91.029999,13328.849609
8.79999,57.59,72.25,9.44,82.809998,18.549999,112.82,49.009997999999996,50.790001000000004,22.639999,60.650002,14.469999,208.929993,21.73,68.599998,42.380001,38.130001,93.5,92.790001,46.59,29.51,25.57,68.709999,35.209998999999996,69.790001,57.490002000000004,76.150002,44.5,77.150002,91.510002,13424.230469
8.93999,58.630001,73.480003,9.46,84.959999,18.85,114.089996,49.739996999999995,51.240002000000004,22.639999,60.860001000000004,14.569999,211.0,22.35,69.550003,42.830002,37.900002,94.089996,94.230003,47.169998,29.49,25.799999,69.0,35.400002,70.489998,56.880001,77.599998,44.080002,76.910004,92.379997,13551.780272999998
9.179988999999999,59.369999,73.629997,9.44,86.629997,18.709999,115.18,49.849999,52.290001000000004,22.91,61.389998999999996,14.72,200.630005,21.790001,71.0,43.32,37.740002000000004,93.68,94.809998,47.389998999999996,29.59,25.84,69.470001,35.720001,71.379997,55.990002000000004,78.540001,44.720001,77.029999,93.389999,13557.0
9.209989,57.610001000000004,74.260002,9.47,86.620003,18.610001,114.650002,50.419998,52.419998,22.809998999999998,61.799999,14.8,194.96000700000002,21.67,72.519997,43.009997999999996,37.84,92.860001,94.739998,47.959998999999996,29.5,26.040001,69.470001,36.02,73.940002,56.009997999999996,79.230003,45.779999,76.559998,93.480003,13548.94043
9.00999,56.860001000000004,74.010002,9.44,83.860001,18.040001,113.379997,49.34,51.900002,22.030001000000002,61.889998999999996,14.479999,193.360001,21.27,71.860001,42.32,37.400002,88.720001,92.940002,47.029999,28.639999,25.76,68.57,35.32,73.510002,55.66,77.989998,45.16,75.620003,92.150002,13343.509766
9.09999,56.740002000000004,73.699997,9.55,85.08000200000001,18.190001000000002,112.739998,49.759997,51.790001000000004,21.700001,62.040001000000004,14.709999,194.399994,21.459999,71.779999,42.09,37.23,88.449997,92.529999,46.48,28.0,25.6,68.5,35.259997999999996,73.989998,56.540001000000004,77.83000200000001,44.77,75.650002,92.190002,13345.889648
8.77999,55.380001,72.82,9.36,83.58000200000001,18.01,109.379997,45.249997,50.759997999999996,21.280001000000002,61.75,14.26,191.25,21.59,70.889999,41.330002,36.610001000000004,87.959999,88.730003,45.889998999999996,28.049999,25.190001000000002,67.440002,35.0,73.379997,56.18,77.07,44.07,74.760002,90.18,13102.530273
8.69999,55.23,72.709999,9.31,82.730003,17.379998999999998,109.709999,44.910001,50.650002,21.26,61.279999,14.04,190.720001,21.459999,70.739998,41.709998999999996,36.880001,87.279999,88.389999,45.880001,27.9,25.309998999999998,68.08000200000001,34.709998999999996,73.18,55.919998,77.900002,44.23,74.82,89.879997,13077.339844
8.729989999999999,55.439999,71.540001,9.24,83.529999,17.200001,110.959999,45.169996999999995,50.259997999999996,21.26,60.48,14.19,191.600006,21.690001000000002,71.139999,41.669998,37.09,87.33000200000001,87.809998,46.299999,27.879998999999998,25.610001,70.07,34.5,72.120003,56.209998999999996,77.290001,44.25,75.32,90.43,13103.679688
8.649989999999999,55.75,71.110001,9.12,84.25,17.290001,111.18,45.179999,50.080002,21.110001,60.040001000000004,14.089998999999999,193.270004,21.950001,70.900002,41.16,37.040001000000004,86.709999,88.029999,46.150002,28.209999,25.43,69.440002,34.630001,71.559998,55.779999,78.199997,44.73,75.110001,90.620003,13107.209961
8.569989999999999,55.970001,70.440002,9.32,84.809998,17.15,110.239998,44.519998,49.119999,21.059998999999998,61.380001,13.85,194.529999,21.629998999999998,70.82,41.68,37.18,86.800003,87.599998,45.630001,28.540001,24.870001000000002,69.239998,34.59,70.940002,56.0,78.160004,44.639998999999996,75.019997,91.16999799999999,13096.459961
8.749989999999999,56.849998,70.790001,9.74,87.650002,17.51,111.459999,44.999999,49.779999,21.34,62.259997999999996,13.999998999999999,197.149994,22.26,71.5,42.84,37.330002,86.800003,89.25,45.939999,29.52,24.549999,69.25,35.09,70.230003,56.950001,79.059998,45.139998999999996,73.449997,91.599998,13232.620117
8.649989999999999,56.709998999999996,70.050003,9.85,85.790001,17.35,108.370003,44.15,49.860001000000004,21.309998999999998,62.02,13.759998999999999,193.429993,22.059998999999998,70.900002,42.419998,37.080002,86.860001,88.970001,46.0,29.5,24.549999,69.190002,34.93,69.620003,56.049999,78.07,44.52,72.769997,90.269997,13093.160156
8.609991,56.360001000000004,70.410004,9.75,86.769997,17.4,109.190002,44.33,50.32,21.41,62.380001,14.009998999999999,194.139999,21.84,70.790001,42.27,36.77,87.459999,89.599998,45.669998,29.629998999999998,24.58,68.66999799999999,34.830002,69.110001,55.279999,77.900002,44.200001,73.139999,90.629997,13112.44043
8.739989999999999,57.189999,72.019997,9.94,88.08000200000001,17.48,110.360001,44.55,50.470001,21.59,62.619999,14.4,195.070007,21.73,71.010002,42.880001,37.419998,87.970001,90.860001,45.919998,29.860001,24.709999,68.93,34.799999,70.16999799999999,56.389998999999996,79.970001,44.299999,73.760002,91.610001,13245.679688
8.479989999999999,55.57,70.110001,9.23,85.019997,17.209999,107.510002,43.829999,50.080002,21.129998999999998,61.990002000000004,13.689998999999998,191.16000400000001,20.91,70.339996,40.48,36.720001,86.860001,89.379997,44.459998999999996,29.08,24.17,68.059998,33.639998999999996,68.709999,54.259997999999996,77.68,43.189999,73.110001,88.18,12932.730469
8.38999,55.560001,70.980003,9.39,83.660004,16.83,105.870003,43.26,50.040001000000004,20.889999,60.860001000000004,13.819999,190.100006,20.83,69.650002,40.400002,36.360001000000004,85.129997,88.550003,43.84,28.809998999999998,24.16,66.910004,33.200001,69.0,53.439999,76.160004,42.610001000000004,72.480003,87.07,12811.320312
8.42999,55.830002,73.25,9.43,84.949997,16.82,105.839996,43.340001,47.060001,21.0,60.959998999999996,13.609998999999998,189.639999,20.799999,69.870003,40.619999,36.290001000000004,84.739998,88.809998,44.049999,28.83,24.17,67.010002,33.540001000000004,68.980003,52.900002,75.839996,42.639998999999996,72.309998,87.209999,12815.389648
8.42999,55.52,73.690002,9.39,85.18,16.860001,105.93,43.129998,47.450001,20.889999,61.16,13.409999,189.25,20.77,69.68,40.580002,36.080002,84.879997,89.18,44.02,28.219998999999998,24.110001,67.08000200000001,33.869999,68.43,52.200001,76.949997,42.560001,72.480003,87.32,12815.080078
8.309989999999999,54.740002000000004,73.360001,9.33,83.260002,16.85,105.279999,42.909998,47.959998999999996,20.68,63.380001,13.139999,188.320007,20.280001000000002,69.510002,40.040001000000004,36.16,84.639999,89.08000200000001,43.68,27.09,24.049999,66.849998,33.950001,68.230003,52.189999,77.0,42.540001000000004,71.809998,86.470001,12756.179688
8.129991,53.650002,71.290001,8.99,81.099998,17.66,102.5,42.259999,47.169998,20.01,61.470001,13.139999,185.509995,19.959999,69.269997,39.290001000000004,36.009997999999996,84.620003,87.309998,43.049999,26.84,23.809998999999998,66.529999,33.779999,68.07,51.25,74.650002,42.240002000000004,71.309998,86.07,12570.950195
8.049991,53.639998999999996,71.040001,9.09,81.300003,17.940001000000002,101.620003,42.099999,47.470001,20.059998999999998,61.25,13.079999,185.850006,20.030001000000002,69.07,39.389998999999996,36.43,84.050003,88.019997,42.799999,26.66,23.66,66.32,33.419998,68.32,51.25,74.839996,41.700001,68.720001,86.139999,12542.379883
8.179991000000001,54.299999,70.769997,9.12,81.93,17.99,102.400002,41.950001,47.419998,20.15,62.119999,12.85,186.940002,20.190001000000002,69.190002,39.529999,36.560001,84.120003,88.5,43.07,26.52,23.860001,66.82,33.139998999999996,68.650002,51.900002,75.25,41.400002,68.029999,86.449997,12588.30957
8.33999,55.23,71.959999,9.49,83.620003,18.299999,104.349998,42.929998,47.91,20.66,63.330002,13.3,190.350006,20.25,69.25,40.59,37.240002000000004,85.040001,89.57,43.34,26.73,24.139999,67.91999799999999,33.82,69.540001,52.91,76.58000200000001,42.810001,69.019997,87.66999799999999,12795.959961
8.249991,55.860001000000004,72.540001,9.63,83.33000200000001,18.34,103.559998,42.8,48.439999,20.620001000000002,63.82,11.71,189.199997,19.51,69.66999799999999,40.700001,37.25,85.68,89.019997,43.560001,26.709999,24.280001000000002,68.300003,33.68,69.639999,53.139998999999996,76.690002,42.82,69.0,87.5,12788.509766
8.269991000000001,55.98,73.150002,9.77,83.050003,18.48,104.099998,42.419999,48.68,20.68,64.089996,11.939999,190.28999299999998,19.360001,69.589996,40.73,37.389998999999996,86.010002,88.940002,43.889998999999996,26.950001,24.35,68.470001,33.849998,70.220001,53.529999,77.33000200000001,43.16,68.889999,88.010002,12836.889648
8.349991000000001,56.509997999999996,73.739998,9.9,84.160004,18.84,105.470001,43.12,49.259997999999996,21.040001,64.82,12.44,193.490005,19.719998999999998,69.559998,41.09,37.93,87.050003,90.279999,44.279999,27.700001,24.530001000000002,69.589996,34.360001000000004,71.269997,53.919998,78.610001,43.759997999999996,70.199997,89.089996,13009.530273
8.309989999999999,55.689999,74.269997,9.84,84.650002,19.059998999999998,104.989998,43.349999,49.029999,21.059998999999998,64.66999799999999,12.739999000000001,192.880005,19.889999,69.089996,40.880001,37.360001000000004,86.239998,90.089996,44.200001,27.389999,24.49,69.480003,33.970001,70.860001,53.529999,78.68,43.299999,69.910004,88.620003,12967.370117
8.27999,54.439999,74.489998,9.66,84.010002,18.959999,103.379997,43.440001,48.599998,20.870001000000002,64.160004,12.36,191.229996,19.93,68.809998,40.75,37.419998,85.91999799999999,90.309998,43.880001,27.08,24.25,68.989998,33.619999,70.83000200000001,52.59,78.83000200000001,42.98,69.5,87.349998,12878.129883
8.399989999999999,55.509997999999996,74.089996,9.76,84.940002,18.83,105.58000200000001,43.24,49.200001,21.139999,64.83000200000001,12.729999000000001,191.979996,20.09,69.290001,40.830002,37.560001,86.519997,90.93,44.599998,27.360001,24.67,69.440002,33.619999,70.959999,52.75,79.800003,43.560001,70.559998,88.099998,12985.110352
8.399989999999999,55.919998,74.120003,9.83,86.25,19.01,105.790001,43.540001000000004,49.720001,21.129998999999998,64.239998,12.889999000000001,191.529999,19.530001000000002,69.220001,41.220001,37.970001,86.489998,90.650002,44.709998999999996,26.950001,24.85,69.5,33.93,71.18,54.360001000000004,79.760002,44.009997999999996,70.83000200000001,88.120003,13021.820312
8.409991,55.900002,74.279999,9.86,85.239998,18.91,105.690002,43.14,49.66,21.129998999999998,65.07,12.99,190.070007,19.57,69.730003,41.080002,37.919998,87.040001,90.949997,44.299999,26.620001000000002,25.02,69.83000200000001,34.130001,70.82,54.389998999999996,80.110001,44.119999,72.019997,88.139999,13025.580078
8.409991,55.990002000000004,74.019997,9.8,84.489998,19.030001000000002,104.660004,42.389996999999994,49.290001000000004,20.82,64.980003,12.869999,189.479996,19.540001,69.650002,40.810001,37.380001,87.059998,90.300003,44.439999,26.43,25.09,69.58000200000001,34.139998999999996,70.949997,53.889998999999996,79.800003,44.099998,71.339996,87.610001,12965.599609
8.419989999999999,55.84,74.050003,9.91,84.160004,19.17,103.959999,42.479999,49.299999,20.860001,64.239998,13.529998999999998,189.360001,19.969998999999998,69.860001,40.57,37.150002,87.199997,90.120003,44.400002,26.370001000000002,25.17,69.309998,33.919998,70.529999,53.540001000000004,80.139999,43.669998,72.120003,87.190002,12951.780273
8.569989999999999,56.400002,73.870003,10.46,86.050003,19.209999,105.16999799999999,42.62,49.59,21.23,64.019997,13.819999,188.649994,19.85,69.970001,41.200001,37.310001,86.970001,90.760002,44.389998999999996,26.67,25.639999,69.410004,33.91,74.0,53.84,80.230003,44.099998,71.650002,87.730003,13034.490234
8.569989999999999,56.119999,73.980003,10.46,85.949997,19.48,106.449997,42.869997999999995,49.060001,21.370001000000002,64.339996,13.829998999999999,189.699997,20.16,70.050003,41.470001,37.380001,88.089996,90.949997,44.509997999999996,26.73,25.610001,69.949997,33.650002,73.150002,53.650002,80.870003,44.450001,71.589996,88.0,13074.040039
8.499991,56.610001000000004,74.639999,10.64,86.989998,19.34,106.989998,43.18,49.240002000000004,21.459999,64.449997,13.939998999999998,191.949997,20.16,70.449997,42.560001,37.709998999999996,88.480003,91.510002,44.630001,26.459999,25.559998999999998,70.290001,33.740002000000004,73.389999,53.869999,80.989998,44.41,72.290001,88.599998,13155.129883
8.569989999999999,56.75,75.529999,10.57,87.230003,19.790001,106.959999,43.22,49.299999,21.389999,63.040001000000004,14.159999,192.619995,20.08,70.599998,42.310001,37.639998999999996,89.410004,91.870003,44.48,26.940001000000002,25.41,70.220001,33.73,73.339996,54.189999,81.010002,44.029999,72.150002,88.410004,13169.879883
8.67999,57.060001,75.82,10.51,87.33000200000001,19.780001000000002,107.739998,43.689999,49.48,21.51,62.889998999999996,14.26,194.199997,20.65,71.099998,42.639998999999996,37.860001000000004,89.620003,93.68,45.189999,27.32,25.639999,70.660004,34.150002,73.43,54.759997999999996,81.190002,44.439999,70.889999,88.989998,13248.44043
8.649989999999999,57.669998,75.470001,10.61,87.949997,19.73,108.08000200000001,44.299997999999995,49.639998999999996,21.780001000000002,62.93,14.53,192.949997,20.67,70.959999,42.77,37.639998999999996,89.309998,93.120003,45.259997999999996,27.24,25.51,70.760002,34.490002000000004,73.309998,55.25,81.0,44.790001000000004,68.940002,89.449997,13245.450195
8.58999,57.720001,74.32,10.54,88.360001,19.74,107.910004,43.979997,49.110001000000004,21.620001000000002,62.41,14.499998999999999,191.990005,20.49,70.75,42.779999,37.599998,89.16999799999999,92.5,43.950001,27.110001,25.33,70.129997,34.32,73.230003,54.380001,80.370003,44.52,69.040001,88.58000200000001,13170.719727
8.739989999999999,56.650002,74.019997,10.58,89.0,19.860001,107.82,44.09,48.669998,21.620001000000002,62.060001,14.749998999999999,191.759995,20.530001000000002,70.690002,42.810001,37.66,88.879997,92.279999,43.540001000000004,26.809998999999998,25.18,69.93,34.009997999999996,73.370003,54.049999,79.980003,44.209998999999996,68.75,88.08000200000001,13135.009766
8.749989999999999,57.27,74.650002,11.0,89.639999,20.110001,108.68,44.63,49.279999,21.93,63.310001,14.209999,193.619995,20.57,70.940002,43.48,37.5,89.910004,93.029999,43.630001,27.1,25.360001,69.93,34.23,74.190002,54.360001000000004,79.989998,44.119999,69.199997,88.870003,13235.389648
8.909989999999999,57.82,75.519997,11.36,90.769997,20.379998999999998,110.099998,44.890001,50.220001,21.690001000000002,63.0,14.53,195.690002,20.959999,70.949997,43.869999,37.279999,90.519997,93.849998,44.240002000000004,27.559998999999998,25.639999,69.970001,34.34,74.33000200000001,54.950001,82.230003,43.869999,69.5,89.559998,13350.959961
8.639991,56.790001000000004,75.510002,11.19,90.790001,20.27,109.910004,44.85,49.939999,21.01,61.77,14.38,195.080002,21.1,70.629997,43.529999,36.779999,89.709999,93.019997,43.66,27.309998999999998,25.35,69.339996,33.91,73.43,54.490002000000004,83.029999,43.380001,68.519997,88.440002,13251.969727
8.69999,57.400002,76.199997,11.52,89.5,20.24,110.379997,45.329997,50.93,21.049999,61.970001,14.429998999999999,194.770004,21.030001000000002,70.75,44.529999,37.049999,90.040001,94.129997,42.16,27.68,25.43,69.82,34.169998,73.82,55.459998999999996,83.16999799999999,43.810001,69.0,88.889999,13311.719727
8.569989999999999,57.650002,76.16999799999999,11.29,87.900002,19.959999,109.709999,44.930001000000004,50.0,20.879998999999998,61.32,14.339998999999999,193.419998,20.77,70.269997,44.0,36.889998999999996,90.18,93.099998,41.52,27.450001,25.08,68.720001,33.669998,72.82,55.029999,82.540001,43.57,68.650002,87.230003,13190.839844
8.61999,57.529999,75.970001,11.25,87.480003,19.83,108.629997,44.839998,49.880001,20.82,61.57,14.009998999999999,192.399994,20.639999,70.019997,43.919998,36.73,89.290001,93.190002,41.419998,27.059998999999998,25.08,68.519997,33.740002000000004,72.360001,54.849998,82.239998,43.540001000000004,68.57,86.91999799999999,13138.929688
8.729989999999999,57.130001,76.019997,11.54,87.66999799999999,19.92,108.459999,45.090001,49.849998,20.77,61.139998999999996,14.12,191.949997,20.65,70.16999799999999,43.959998999999996,36.419998,88.739998,93.07,41.34,26.860001,25.24,68.0,33.779999,72.269997,54.220001,82.110001,43.450001,67.989998,87.07,13114.589844
8.61999,56.689999,75.83000200000001,11.47,87.660004,19.65,108.519997,45.070001,49.529999,20.690001000000002,61.07,14.04,192.71000700000002,20.51,70.089996,43.630001,36.419998,88.720001,92.639999,41.200001,26.959999,25.139999,67.970001,33.66,71.82,54.439999,82.07,43.48,68.190002,86.860001,13096.30957
8.499991,56.669998,74.690002,11.36,86.809998,19.450001,106.449997,44.71,49.150002,20.440001000000002,60.650002,13.679998999999999,189.830002,20.23,69.480003,43.240002000000004,35.970001,87.58000200000001,91.779999,40.639998999999996,26.549999,24.889999,67.150002,33.32,71.239998,53.860001000000004,80.809998,42.900002,67.610001,85.099998,12938.110352
8.67999,57.48,75.360001,11.61,89.610001,19.65,108.139999,44.979999,49.790001000000004,20.99,61.849998,14.25,191.550003,20.620001000000002,70.099998,43.970001,36.25,88.209999,92.849998,40.939999,26.709999,25.08,67.889999,33.709998999999996,71.82,54.240002000000004,82.010002,43.27,68.230003,86.550003,13104.139648
8.989989999999999,58.75,77.07,12.03,93.5,20.34,110.389999,45.869997999999995,51.099998,21.34,63.48,15.019998999999999,196.350006,21.379998999999998,70.839996,44.66,37.599998,90.120003,94.779999,41.34,27.620001000000002,25.91,69.389999,35.0,72.860001,54.540001000000004,84.0,44.27,69.239998,88.709999,13412.549805
9.069989999999999,59.0,77.470001,11.96,94.400002,20.450001,109.91999799999999,45.289997,51.209998999999996,21.1,63.299999,15.139999,195.270004,21.32,70.739998,44.57,37.599998,90.629997,94.66999799999999,42.330002,27.25,25.85,68.949997,35.02,73.41999799999999,51.990002000000004,84.309998,44.060001,68.800003,88.550003,13391.360352
9.259989,59.610001000000004,77.690002,12.11,94.91999799999999,20.48,110.5,45.729997999999995,52.189999,21.200001,63.18,15.139999,193.990005,21.16,71.550003,45.360001000000004,37.66,89.849998,95.370003,41.970001,26.74,25.959999,69.089996,35.23,74.059998,52.09,84.980003,44.299999,69.059998,88.959999,13435.209961000002
9.09999,59.860001000000004,76.129997,12.09,95.209999,20.290001,109.75,45.8,50.970001,21.129998999999998,62.84,15.169998999999999,193.139999,21.25,71.400002,45.41,37.299999,90.910004,95.489998,42.119999,26.690001000000002,25.98,68.620003,35.389998999999996,73.059998,52.09,84.57,44.689999,68.400002,87.93,13384.290039
9.09999,60.200001,74.129997,11.98,94.0,20.309998999999998,109.260002,46.049997999999995,50.759997999999996,20.9,63.220001,15.39,192.869995,21.09,71.410004,45.5,37.040001000000004,90.940002,95.5,42.18,26.549999,26.02,68.510002,34.349998,73.190002,51.400002,83.550003,43.099998,68.589996,88.480003,13328.849609
9.079989999999999,60.259997999999996,76.760002,11.43,94.440002,20.299999,109.540001,46.440001,50.779999,20.950001,63.169998,15.849998999999999,192.320007,21.450001,71.730003,45.470001,37.029999,90.809998,96.410004,42.59,26.700001,26.469998999999998,68.879997,34.240002000000004,73.940002,52.369999,84.550003,43.0,68.57,88.139999,13390.509766
8.96999,60.790001000000004,77.089996,11.78,95.08000200000001,20.440001000000002,110.470001,46.2,50.790001000000004,21.17,63.619999,16.28,192.880005,21.799999,72.190002,46.150002,36.959998999999996,91.400002,96.889999,42.779999,26.459999,26.76,69.269997,34.369999,74.449997,53.110001000000004,84.970001,43.59,68.360001,89.099998,13471.219727000002
8.93999,61.240002000000004,75.160004,11.63,95.190002,20.48,111.730003,46.149998,50.580002,21.129998999999998,63.700001,16.159999,194.449997,22.0,72.349998,46.139998999999996,36.91,91.730003,96.279999,43.23,26.83,26.52,69.220001,34.27,74.849998,52.82,85.18,43.299999,68.629997,89.610001,13488.429688
8.919989,61.209998999999996,76.550003,11.47,94.629997,20.969998999999998,112.849998,46.269998,50.59,21.120001000000002,63.48,16.95,192.619995,22.0,72.559998,45.880001,36.990002000000004,91.529999,97.08000200000001,43.34,26.889999,26.74,69.629997,34.02,74.949997,53.360001000000004,85.800003,42.59,68.300003,89.58000200000001,13507.320312
8.919989,60.759997999999996,76.940002,11.55,95.66999799999999,20.98,113.440002,46.249998,51.09,21.200001,63.950001,16.53,192.5,21.879998999999998,72.370003,46.349998,37.32,91.510002,97.290001,42.869999,27.209999,26.620001000000002,69.879997,33.759997999999996,75.559998,53.619999,85.959999,41.970001,68.980003,89.529999,13534.889647999998
8.87999,60.619999,74.339996,11.78,95.190002,21.030001000000002,113.970001,45.969998,51.529999,21.120001000000002,63.860001000000004,17.21,192.58999599999999,22.110001,72.58000200000001,46.82,37.32,91.099998,97.599998,42.540001000000004,27.040001,26.610001,69.339996,33.259997999999996,75.550003,53.66,85.57,41.509997999999996,69.209999,89.470001,13511.230469
8.93999,60.740002000000004,75.260002,11.28,95.699997,20.950001,114.739998,46.36,52.41,21.299999,65.050003,17.109999,193.649994,22.68,72.900002,46.439999,37.509997999999996,91.760002,98.08000200000001,42.75,27.25,26.83,69.66999799999999,33.200001,75.900002,54.400002,86.400002,42.130001,68.849998,90.199997,13596.019531
8.999989999999999,59.779999,75.040001,11.14,97.620003,21.02,115.239998,46.989999,52.34,22.040001,65.470001,17.109999,194.470001,21.25,73.230003,46.459998999999996,37.700001,92.260002,98.739998,42.98,27.25,26.540001,69.940002,33.439999,76.309998,54.560001,86.949997,42.540001000000004,69.199997,90.800003,13649.700195
9.199989,59.400002,74.160004,11.35,97.720001,20.870001000000002,115.910004,47.819998,52.73,22.01,65.75,17.249999,196.080002,21.17,72.690002,46.540001000000004,37.130001,92.949997,99.33000200000001,43.200001,27.15,26.68,69.949997,33.610001000000004,77.949997,56.02,87.470001,42.939999,69.58000200000001,90.91999799999999,13712.209961000002
9.149989,58.93,74.290001,11.42,96.849998,20.620001000000002,115.010002,47.499998,53.950001,21.940001000000002,66.459999,17.01,204.720001,21.110001,72.849998,46.23,37.130001,93.480003,99.489998,42.82,27.610001,26.65,70.690002,33.779999,77.639999,55.91,88.07,42.790001000000004,69.489998,90.699997,13779.330078
9.03999,59.299999,75.32,11.53,96.599998,21.02,115.5,48.070001,53.950001,22.049999,67.349998,17.01,204.419998,20.950001,73.099998,46.369999,37.110001000000004,93.309998,99.66999799999999,43.0,27.629998999999998,26.85,70.41999799999999,33.75,78.089996,56.220001,88.91999799999999,42.59,69.790001,91.349998,13825.330078
9.029989,59.5,75.029999,11.62,95.58000200000001,21.15,116.199997,48.329997,54.380001,22.290001,67.82,16.989998999999997,204.970001,20.959999,73.91999799999999,47.16,37.049999,93.720001,100.589996,43.459998999999996,27.879998999999998,27.0,73.25,34.02,78.349998,56.040001000000004,89.790001,42.669998,69.0,91.730003,13895.980469
8.899989999999999,59.07,74.0,11.48,97.449997,21.059998999999998,116.040001,48.149997,54.360001000000004,22.5,67.58000200000001,17.019999,204.929993,21.049999,73.620003,46.639998999999996,37.009997999999996,94.360001,100.650002,42.93,27.91,26.84,73.769997,34.130001,77.349998,55.810001,89.800003,42.77,69.349998,91.110001,13881.929688
8.87999,59.450001,73.650002,11.49,98.599998,20.780001000000002,117.209999,47.959998999999996,53.990002000000004,22.5,67.199997,16.48,203.899994,21.280001000000002,74.410004,47.119999,37.419998,94.91999799999999,101.809998,43.66,28.01,27.700001,75.0,34.68,77.809998,56.279999,89.760002,43.5,69.889999,91.760002,13954.419922
8.79999,59.330002,74.589996,11.38,98.650002,20.58,116.449997,47.63,53.790001000000004,22.23,67.239998,16.4,203.520004,21.370001000000002,74.089996,47.130001,37.5,94.66999799999999,100.800003,43.5,27.85,27.51,75.08000200000001,34.48,77.58000200000001,56.080002,89.099998,43.610001000000004,69.75,90.66999799999999,13910.419922
8.83999,58.810001,73.870003,11.32,98.389999,20.57,115.150002,47.45,53.880001,22.280001000000002,66.91999799999999,16.509999,203.070007,21.040001,73.91999799999999,47.049999,37.240002000000004,95.290001,100.550003,43.25,27.450001,27.280001000000002,75.160004,34.790001000000004,78.459999,55.209998999999996,87.57,43.610001000000004,69.949997,89.970001,13860.580078
8.999989999999999,59.91,74.870003,11.71,99.489998,20.83,116.5,47.979999,54.59,22.620001000000002,67.300003,16.459999,205.179993,21.360001,74.18,47.849998,37.540001000000004,95.949997,101.559998,41.830002,27.93,27.629998999999998,75.91999799999999,35.509997999999996,79.889999,55.77,89.839996,44.560001,70.489998,90.040001,14009.790038999998
8.85999,59.41,75.209999,11.48,98.260002,20.82,115.199997,47.439997999999996,53.900002,22.309998999999998,66.360001,16.179999,203.78999299999998,21.16,74.110001,47.68,37.349998,94.599998,100.769997,40.849998,27.440001000000002,27.17,75.25,35.23,78.0,55.75,89.540001,44.52,69.629997,89.150002,13880.080078
8.93999,60.66,75.889999,11.88,98.440002,21.08,115.809998,47.599998,54.290001000000004,22.540001,66.389999,16.61,202.78999299999998,21.18,74.660004,48.790001000000004,38.139998999999996,94.910004,101.489998,41.43,27.5,27.51,75.699997,35.349998,78.650002,57.77,89.260002,44.560001,70.769997,89.739998,13979.299805
8.95999,60.560001,76.290001,11.93,97.699997,21.190001000000002,115.910004,47.439997999999996,54.52,22.440001000000002,66.66999799999999,16.689999,201.020004,20.99,75.389999,48.610001000000004,38.310001,95.07,102.690002,41.09,27.34,27.32,76.150002,35.43,78.959999,57.380001,89.370003,44.75,71.309998,89.790001,13986.519531
8.899989999999999,62.139998999999996,77.43,11.84,96.110001,21.1,115.019997,47.29,54.360001000000004,22.48,66.309998,16.439999,199.740005,20.809998999999998,75.059998,48.23,38.91,94.629997,102.220001,41.0,27.280001000000002,26.959999,76.150002,35.27,79.120003,57.049999,89.949997,44.459998999999996,71.230003,88.25,13944.049805
8.93999,61.799999,76.559998,11.76,96.849998,21.16,115.639999,47.499998,54.66,22.5,67.010002,16.87,201.679993,21.0,75.480003,48.630001,38.77,94.870003,102.660004,41.18,27.549999,26.879998999999998,75.75,35.27,78.860001,57.740002000000004,90.089996,44.349998,71.480003,88.610001,13992.969727000002
8.86999,61.98,75.870003,11.86,96.599998,21.27,115.639999,47.759997999999996,54.75,22.450001,66.379997,16.829999,200.16000400000001,21.030001000000002,75.410004,48.66,38.610001000000004,95.16999799999999,102.620003,41.380001,27.860001,27.139999,75.809998,35.23,79.209999,57.119999,89.610001,44.32,71.400002,88.279999,13971.240234
9.029989,62.200001,75.989998,12.25,97.220001,20.969998999999998,116.5,47.979999,54.950001,22.58,67.32,17.099999,200.03999299999998,21.190001000000002,75.800003,49.139998999999996,37.560001,95.099998,103.459999,41.450001,27.879998999999998,26.99,75.980003,35.599998,79.900002,57.009997999999996,89.980003,44.439999,71.400002,88.459999,14018.700195
9.09999,62.099998,74.779999,12.17,96.379997,21.139999,115.529999,47.579997999999996,54.959998999999996,23.389999,67.449997,17.01,200.08999599999999,21.25,75.660004,48.68,37.209998999999996,94.0,102.860001,41.150002,28.030001000000002,27.0,76.559998,35.419998,79.989998,57.23,89.5,44.52,71.389999,88.66999799999999,13982.910156
9.289989,62.34,74.93,12.13,96.07,20.99,115.709999,47.23,54.880001,23.41,67.339996,17.029999,199.649994,21.23,75.809998,49.220001,36.84,93.559998,102.779999,41.189999,28.040001,27.059998999999998,76.779999,35.290001000000004,80.339996,57.049999,89.690002,44.330002,70.82,88.519997,13973.389647999998
9.319989,61.689999,75.029999,12.03,95.610001,20.99,114.959999,46.939997,55.610001000000004,23.290001,67.519997,16.789998999999998,200.979996,21.120001000000002,76.160004,48.880001,37.419998,93.900002,103.230003,41.419998,28.01,27.290001,76.540001,35.360001000000004,80.389999,57.32,90.779999,44.400002,69.300003,88.360001,13981.759766
9.059989,62.279999,74.650002,12.19,95.599998,21.459999,115.91999799999999,47.179998,55.73,23.75,67.550003,16.889999,200.320007,21.09,76.959999,49.450001,37.669998,93.849998,104.18,42.220001,28.049999,27.709999,77.379997,35.669998,80.599998,56.66,91.019997,44.5,68.760002,89.32,14035.669922
8.75999,61.91,74.779999,11.8,93.220001,21.110001,114.989998,46.540001000000004,54.599998,23.41,66.440002,16.699999,199.309998,20.73,76.650002,48.610001000000004,37.73,93.910004,103.150002,42.66,27.870001000000002,27.57,77.08000200000001,35.470001,80.110001,55.209998999999996,90.160004,44.919998,69.209999,88.970001,13927.540038999998
8.659989999999999,61.540001000000004,76.010002,11.42,91.529999,20.76,114.989998,46.520001,54.169998,23.26,64.379997,17.099999,198.330002,20.25,76.870003,48.25,37.709998999999996,94.139999,102.720001,42.5,27.49,27.41,77.040001,35.43,80.379997,55.240002000000004,89.410004,45.119999,70.260002,88.589996,13880.620116999999
8.639991,62.57,76.660004,11.44,91.540001,20.9,115.959999,47.239998,54.25,23.389999,65.58000200000001,19.199999,201.08999599999999,20.42,76.25,48.91,38.52,95.25,103.540001,42.970001,27.76,27.379998999999998,76.989998,35.68,81.010002,54.470001,90.489998,45.400002,70.400002,89.199997,14000.570312
8.419989999999999,62.02,75.029999,11.03,89.160004,20.66,113.540001,46.429999,53.59,22.809998999999998,63.919998,19.069999,197.509995,20.23,75.57,47.700001,37.720001,96.139999,101.75,42.52,27.370001000000002,26.84,75.91999799999999,35.189999,79.25,53.299999,88.370003,45.720001,70.440002,87.699997,13784.169922
8.409991,61.919998,75.650002,11.13,89.949997,20.610001,114.959999,46.969999,53.900002,23.049999,67.559998,19.79,199.139999,20.58,75.75,47.599998,38.110001000000004,96.220001,102.309998,42.419998,27.370001000000002,27.030001000000002,76.08000200000001,35.490002000000004,80.040001,53.049999,89.199997,46.119999,71.110001,88.510002,13900.129883000001
8.53999,62.5,77.360001,11.3,92.25,20.889999,116.650002,47.51,54.48,23.370001000000002,68.059998,19.77,202.330002,20.93,76.32,49.279999,38.450001,95.730003,103.57,42.970001,27.809998999999998,27.41,76.75,35.849998,80.779999,53.869999,90.57,46.349998,71.660004,89.529999,14075.370116999999
8.51999,62.150002,76.900002,11.23,92.370003,20.860001,117.150002,47.899998,54.59,23.219998999999998,68.5,20.139999,200.830002,20.879998999999998,76.110001,48.919998,38.720001,95.900002,104.0,42.73,27.799999,27.370001000000002,76.18,35.91,80.41999799999999,53.450001,90.550003,46.529999,70.779999,89.550003,14054.490234
8.439991000000001,62.369999,77.279999,11.34,91.360001,20.83,116.900002,48.090001,55.330002,23.190001000000002,69.029999,20.149998999999998,202.91000400000001,21.030001000000002,76.699997,48.91,38.700001,95.68,103.769997,42.630001,27.950001,27.389999,76.489998,36.009997999999996,80.690002,53.52,90.129997,46.720001,71.739998,89.43,14089.660156
8.349991000000001,62.889998999999996,77.089996,11.41,89.75,20.74,117.489998,48.309996999999996,55.799999,23.27,70.290001,19.969998999999998,205.190002,21.27,77.199997,49.099998,38.82,95.07,103.279999,43.34,28.15,27.690001000000002,76.68,36.23,80.519997,53.32,89.129997,47.110001000000004,73.260002,88.949997,14127.820312
8.349991000000001,64.120003,78.660004,11.55,90.209999,21.219998999999998,117.93,48.679999,56.48,23.59,70.470001,20.369998000000002,206.529999,21.51,77.660004,49.490002000000004,38.68,95.809998,104.449997,43.25,28.35,28.07,77.050003,36.599998,81.459999,53.5,91.019997,47.689999,73.720001,89.610001,14253.769531
8.569989999999999,64.650002,79.08000200000001,11.92,89.639999,21.719998999999998,118.470001,48.74,56.360001000000004,23.67,70.480003,20.929999,208.380005,21.75,77.389999,50.029999,39.02,96.809998,104.660004,43.68,28.09,28.120001000000002,77.199997,36.290001000000004,81.07,53.610001000000004,91.07,47.279999,73.379997,89.559998,14296.240234
8.639991,64.559998,81.050003,12.26,89.650002,21.799999,118.559998,48.679999,56.32,23.68,70.25,20.85,209.419998,21.889999,77.75,50.630001,39.119999,97.089996,104.540001,43.27,28.139999,28.27,76.900002,36.389998999999996,81.199997,53.799999,91.709999,47.48,73.32,88.709999,14329.490234
8.609991,64.699997,81.230003,12.07,90.510002,21.83,118.57,49.149998,57.389998999999996,23.77,71.370003,21.0,210.38000499999998,21.58,78.190002,50.200001,39.220001,98.709999,105.709999,42.970001,28.0,28.190001000000002,77.18,36.68,81.650002,53.810001,92.07,47.959998999999996,73.029999,88.970001,14397.070312
8.669989999999999,65.5,82.940002,12.15,91.18,21.879998999999998,118.730003,49.329997999999996,57.66,23.620001000000002,71.32,21.029998000000003,210.080002,21.690001000000002,78.440002,50.48,39.310001,98.889999,105.809998,43.66,27.870001000000002,28.25,77.349998,36.599998,81.75,54.209998999999996,92.910004,47.810001,72.980003,89.160004,14447.290038999998
8.61999,65.290001,84.160004,12.01,89.739998,21.700001,118.25,49.709998999999996,57.110001000000004,23.41,70.75,21.4,210.55000299999998,21.639999,78.559998,50.279999,38.959998999999996,98.760002,105.129997,45.040001000000004,27.91,27.940001000000002,77.16999799999999,36.720001,81.739998,54.830002,93.139999,48.360001000000004,73.599998,89.160004,14450.05957
8.53999,65.300003,84.75,12.06,89.279999,21.58,118.360001,49.589999,57.34,23.49,70.760002,21.319999,212.059998,21.66,78.550003,50.16,38.59,99.379997,105.089996,44.59,27.92,28.02,76.800003,36.599998,82.120003,54.48,93.08000200000001,47.939999,73.650002,89.260002,14455.280272999998
8.54999,65.379997,84.620003,12.11,88.699997,21.59,120.0,49.919996999999995,57.75,23.690001000000002,70.239998,21.93,215.80000299999998,21.65,79.099998,51.0,39.02,99.309998,106.019997,44.27,28.139999,28.110001,77.389999,36.860001000000004,82.360001,54.73,93.449997,48.48,73.220001,89.83000200000001,14539.139647999998
8.62999,66.089996,86.43,12.57,88.83000200000001,21.93,119.68,49.899997,57.580002,23.440001000000002,69.050003,22.179999,214.919998,21.379998999999998,79.190002,50.02,38.830002,99.66999799999999,106.400002,44.09,28.040001,28.02,76.339996,36.43,82.279999,54.73,93.279999,48.02,72.5,89.370003,14514.110352000002
8.559989999999999,65.779999,85.18,12.56,89.360001,21.67,119.129997,49.709998999999996,56.830002,23.25,69.349998,22.829999,213.210007,21.26,78.809998,49.509997999999996,38.759997999999996,98.57,105.410004,43.630001,28.1,28.040001,76.160004,36.150002,82.529999,55.0,92.769997,48.75,72.25,88.769997,14452.05957
8.479989999999999,65.129997,85.510002,12.71,88.269997,21.52,119.459999,49.649999,56.310001,23.32,68.790001,23.109999,213.440002,21.139999,78.860001,49.200001,39.330002,98.400002,105.18,43.700001,28.18,27.99,77.110001,36.139998999999996,83.190002,55.169998,93.110001,48.950001,72.449997,88.58000200000001,14455.820312
8.53999,66.0,85.370003,12.78,86.940002,21.67,120.349998,49.839997,56.939999,23.459999,68.879997,22.919998,215.059998,21.18,79.449997,49.119999,39.869999,98.769997,105.660004,44.119999,28.32,28.290001,77.58000200000001,36.189999,83.839996,54.880001,93.449997,48.599998,72.989998,88.629997,14511.730469
8.44999,65.410004,84.33000200000001,12.57,86.83000200000001,20.84,120.339996,49.36,56.310001,23.290001,68.949997,22.32,212.25999500000003,21.040001,79.010002,48.349998,40.07,98.529999,104.940002,43.790001000000004,28.110001,28.110001,77.209999,36.150002,83.75,55.060001,92.43,48.799999,73.129997,88.16999799999999,14421.490234
8.44999,66.220001,84.82,12.56,87.480003,20.75,121.18,49.269998,56.779999,23.370001000000002,69.559998,23.039998,212.080002,21.33,79.739998,48.779999,40.040001000000004,99.269997,106.41999799999999,43.900002,28.25,28.379998999999998,77.269997,36.43,83.690002,54.459998999999996,93.589996,49.02,74.279999,89.290001,14512.030272999998
8.419989999999999,66.099998,84.849998,12.4,86.639999,20.85,120.18,49.109998,56.209998999999996,23.24,69.470001,23.099999,210.74000499999997,21.15,79.68,48.52,40.119999,98.239998,105.16999799999999,43.689999,28.16,28.16,76.68,36.389998999999996,83.370003,54.860001000000004,92.800003,49.16,74.849998,89.019997,14447.75
8.419989999999999,67.16999799999999,86.620003,12.28,87.0,20.85,120.980003,48.969998,56.630001,23.120001000000002,70.050003,23.639999,212.36000099999998,21.77,80.849998,48.639998999999996,40.689999,98.5,106.07,44.389998999999996,28.16,28.6,77.400002,36.740002000000004,83.360001,55.650002,92.650002,49.48,74.769997,90.129997,14559.650391
8.489989999999999,67.150002,86.199997,12.23,86.900002,20.83,120.190002,48.889998,56.470001,23.1,69.650002,23.579998,210.88999900000002,21.83,81.269997,47.77,40.220001,98.900002,105.290001,44.099998,28.370001000000002,28.639999,77.059998,36.619999,83.370003,56.619999,92.610001,48.939999,74.779999,90.58000200000001,14526.160156
8.51999,67.459999,85.849998,12.18,86.970001,20.9,118.82,49.16,56.799999,23.120001000000002,69.779999,23.839998,213.30000299999998,21.84,81.529999,47.459998999999996,40.439999,99.690002,106.309998,44.200001,28.610001,28.860001,77.059998,36.689999,84.190002,57.209998999999996,93.43,49.150002,74.83000200000001,90.110001,14578.540038999998
8.38999,67.260002,85.25,12.15,85.639999,20.83,119.610001,49.009997999999996,56.689999,23.08,69.66999799999999,23.309998,212.38000499999998,21.43,81.93,47.830002,40.450001,99.050003,105.650002,44.349998,28.610001,28.84,77.699997,37.25,83.949997,58.970001,92.91999799999999,49.220001,75.43,90.769997,14572.849609
8.299991,67.639999,84.089996,12.15,84.879997,21.219998999999998,119.0,49.029998,57.459998999999996,23.34,71.019997,22.099998,214.36000099999998,21.459999,82.690002,48.279999,40.720001,100.260002,106.519997,44.91,28.799999,29.23,78.959999,37.57,84.410004,61.740002000000004,92.989998,49.5,76.019997,90.58000200000001,14662.009766
8.269991000000001,66.25,84.360001,11.81,84.120003,21.200001,117.779999,48.789998,57.25,23.0,70.360001,21.909999,212.66000400000001,21.049999,82.07,46.849998,40.169998,99.25,105.68,45.360001000000004,28.559998999999998,29.030001000000002,78.120003,37.279999,83.720001,61.669998,93.199997,48.990002000000004,76.0,89.93,14550.349609
8.219991,66.730003,84.949997,11.94,84.629997,21.040001,118.07,49.04,57.59,23.08,70.690002,22.299999,211.309998,21.139999,82.410004,47.490002000000004,40.540001000000004,100.629997,105.82,45.32,28.6,29.16,78.540001,37.91,84.339996,62.029999,93.160004,49.299999,76.199997,89.769997,14606.110352000002
8.239991,65.300003,86.16999799999999,11.97,84.599998,20.610001,117.519997,48.689997,57.700001,22.93,70.059998,21.969998,209.41000400000001,20.940001000000002,82.040001,47.91,40.080002,101.41999799999999,105.779999,45.130001,28.700001,29.1,78.230003,38.02,84.410004,62.099998,92.639999,49.560001,76.389999,89.010002,14565.25
8.38999,65.599998,86.75,12.21,84.190002,20.57,117.809998,48.8,58.82,23.120001000000002,71.220001,21.93,209.320007,21.09,81.110001,48.580002,40.860001000000004,101.5,105.75,45.48,28.59,29.16,78.790001,37.619999,84.730003,61.889998999999996,93.709999,49.43,77.290001,88.599998,14613.480469
8.38999,65.220001,87.209999,12.25,85.900002,20.969998999999998,118.639999,49.229997999999995,59.139998999999996,23.059998999999998,71.199997,22.22,209.220001,21.75,81.519997,48.68,40.709998999999996,101.059998,105.949997,45.509997999999996,29.610001,29.110001,78.260002,37.759997999999996,85.269997,62.18,94.449997,49.360001000000004,78.120003,88.769997,14673.459961000002
8.309989999999999,65.400002,87.82,12.32,86.57,21.469998999999998,119.639999,49.739996999999995,60.110001000000004,23.58,71.690002,22.32,212.0,22.26,82.019997,49.25,41.07,101.489998,107.690002,46.84,30.280001000000002,29.92,79.239998,38.18,84.809998,62.41,95.18,49.860001000000004,77.370003,88.68,14802.240234
8.319991,65.739998,88.529999,12.27,85.699997,21.690001000000002,120.949997,50.29,60.549999,23.59,71.900002,20.879998,212.919998,21.83,82.32,49.310001,41.18,101.989998,108.25,47.209998999999996,28.940001000000002,30.639999,79.66999799999999,38.540001000000004,86.059998,62.98,95.82,50.509997999999996,77.790001,89.220001,14865.139647999998
8.219991,65.68,88.889999,12.17,85.050003,21.540001,119.940002,49.819997,60.549999,23.459999,73.620003,20.899998,211.38000499999998,21.68,82.739998,49.009997999999996,41.080002,103.589996,107.68,47.110001000000004,28.790001,30.67,80.08000200000001,38.59,86.260002,63.029999,95.690002,50.860001000000004,78.559998,88.989998,14865.05957
8.039991,64.099998,86.769997,11.98,82.269997,21.049999,116.57,48.78,58.880001,22.809998999999998,72.230003,20.679999,209.259995,21.379998999999998,81.709999,47.93,40.09,102.150002,105.760002,46.459998999999996,28.690001000000002,30.450001,79.650002,37.950001,84.709999,61.59,93.519997,50.639998999999996,78.470001,86.489998,14599.200195
8.099991000000001,64.589996,86.889999,12.28,82.610001,21.16,117.010002,49.600001,60.75,23.1,72.459999,21.029998000000003,212.0,21.92,83.440002,48.490002000000004,42.369999,103.040001,106.150002,46.959998999999996,28.969998999999998,30.940001000000002,80.099998,37.939999,86.550003,62.810001,94.510002,50.459998999999996,78.68,86.610001,14756.780272999998
7.9599910000000005,64.129997,86.690002,11.7,81.470001,20.629998999999998,114.809998,49.149998,60.68,22.76,72.800003,20.489998,209.669998,21.93,83.900002,46.790001000000004,42.549999,102.540001,105.480003,46.759997999999996,28.83,30.870001000000002,79.059998,37.779999,85.07,62.029999,92.849998,49.540001000000004,78.510002,86.08000200000001,14618.589844
8.029991,65.040001,86.120003,11.44,80.459999,20.58,115.589996,48.589997,59.990002000000004,22.67,72.480003,20.209998000000002,207.149994,22.24,83.18,46.639998999999996,42.099998,101.910004,104.980003,46.560001,28.790001,30.59,79.870003,37.740002000000004,84.099998,59.689999,91.550003,50.91,77.160004,86.620003,14537.139647999998
8.079991,67.239998,87.959999,11.66,80.43,20.459999,115.900002,49.189997999999996,61.560001,21.75,74.0,19.559998,190.0,22.440001000000002,84.489998,47.23,42.66,99.91999799999999,105.709999,47.490002000000004,29.77,31.059998999999998,81.43,38.279999,84.809998,60.040001000000004,93.220001,52.25,78.290001,87.449997,14547.509766
8.109991,66.660004,86.940002,11.72,82.709999,20.59,116.57,50.41,62.009997999999996,21.35,73.860001,19.759999,187.830002,22.879998999999998,84.83000200000001,47.349998,42.720001,99.32,105.800003,47.919998,30.83,30.93,81.400002,38.73,84.58000200000001,59.220001,93.629997,52.189999,77.970001,88.089996,14567.169922
8.119991,67.449997,88.18,12.07,84.099998,20.91,117.480003,52.489998,62.59,21.5,73.379997,19.65,191.610001,23.379998999999998,85.449997,48.169998,42.700001,99.760002,107.389999,48.630001,30.6,31.08,82.540001,39.0,86.349998,58.540001000000004,92.889999,52.32,79.089996,89.300003,14719.459961000002
8.409991,67.41999799999999,90.83000200000001,12.31,83.779999,20.389999,118.279999,52.749999,61.939999,21.959999,73.279999,19.839999,191.71000700000002,23.66,84.389999,48.720001,42.150002,101.019997,107.870003,47.950001,31.76,30.6,77.120003,37.040001000000004,85.860001,58.790001000000004,92.0,51.799999,78.029999,89.43,14676.299805
8.38999,68.129997,91.66999799999999,12.44,84.510002,20.639999,118.510002,53.29,62.0,21.950001,73.370003,19.589999,193.949997,23.379998999999998,85.220001,49.0,42.349998,100.940002,104.879997,47.349998,31.940001000000002,30.26,76.58000200000001,37.279999,85.269997,59.34,92.110001,53.220001,78.650002,88.07,14700.799805
8.269991000000001,67.75,92.849998,12.42,84.68,20.67,120.040001,52.899997,61.869999,22.209999,73.349998,19.969998999999998,194.309998,23.4,85.120003,48.880001,42.099998,100.889999,103.790001,47.869999,31.790001,30.09,77.099998,37.040001000000004,85.150002,59.48,91.150002,53.630001,79.040001,88.0,14712.549805
8.419989999999999,67.629997,91.900002,12.38,84.800003,20.98,121.32,54.099999,63.0,22.27,73.66999799999999,20.499998,199.149994,23.76,85.58000200000001,48.919998,42.240002000000004,102.18,103.83000200000001,47.82,32.610001000000004,30.43,77.68,37.299999,85.480003,60.009997999999996,91.620003,53.459998999999996,78.389999,88.209999,14818.75
8.499991,68.410004,91.410004,12.31,84.66999799999999,20.92,122.010002,54.509997,62.84,22.290001,73.349998,20.6,202.53999299999998,23.950001,85.230003,49.009997999999996,42.330002,102.139999,104.709999,47.0,33.099998,29.07,76.769997,37.459998999999996,85.410004,59.93,91.290001,53.91,77.720001,88.989998,14839.799805
8.42999,68.279999,91.18,12.14,83.08000200000001,20.379998999999998,120.269997,53.37,63.209998999999996,22.15,72.760002,20.349998,199.630005,23.99,84.230003,48.009997999999996,42.209998999999996,101.379997,104.550003,45.689999,32.720001,28.9,76.989998,37.560001,84.099998,59.720001,91.050003,52.400002,78.059998,87.510002,14700.950195
8.45999,69.379997,92.209999,12.19,84.260002,20.73,122.040001,53.51,63.880001,22.32,73.33000200000001,20.45,202.389999,24.110001,85.160004,48.080002,41.959998999999996,102.059998,106.040001,45.73,33.16,29.27,77.760002,37.560001,84.41999799999999,59.48,91.75,52.529999,78.459999,88.629997,14831.580078
8.61999,70.230003,93.739998,12.24,86.980003,20.83,123.489998,53.939997999999996,64.800003,22.57,73.959999,20.629998,204.509995,23.959999,85.75,47.57,42.240002000000004,102.91999799999999,107.83000200000001,45.669998,33.490002000000004,28.959999,78.190002,37.34,85.410004,58.919998,93.110001,52.68,79.25,90.019997,14973.959961000002
8.68999,70.059998,94.190002,12.88,87.589996,20.809998999999998,123.25,53.89,65.059998,22.58,75.260002,20.639999,202.779999,23.91,84.68,48.18,42.080002,102.07,107.839996,44.98,33.75,28.719998999999998,77.75,37.09,85.309998,60.200001,93.489998,52.049999,78.83000200000001,90.58000200000001,14968.889647999998
8.639991,70.239998,94.790001,12.9,89.790001,20.379998999999998,123.040001,54.649997,66.07,22.68,75.07,20.499998,203.630005,24.15,85.529999,49.139998999999996,42.700001,102.290001,108.010002,45.27,33.310001,29.030001000000002,77.940002,37.52,86.019997,60.5,93.870003,52.919998,78.83000200000001,91.150002,15056.200195
8.86999,70.309998,94.040001,13.02,90.309998,20.719998999999998,123.360001,54.699999,65.989998,23.01,75.41999799999999,21.069999,204.820007,24.25,85.459999,49.759997999999996,42.459998999999996,100.949997,108.199997,44.990002000000004,32.990002000000004,28.73,78.440002,37.830002,87.279999,62.509997999999996,94.379997,53.110001000000004,78.25,91.699997,15105.120116999999
8.78999,70.209999,94.610001,12.91,89.949997,20.83,123.639999,55.38,66.66999799999999,22.780001000000002,75.870003,21.179999,203.240005,24.360001,85.150002,49.040001000000004,42.119999,99.690002,109.91999799999999,45.490002000000004,32.66,28.6,78.209999,37.330002,86.459999,62.009997999999996,94.760002,52.709998999999996,78.400002,91.029999,15082.620116999999
8.69999,70.08000200000001,94.239998,13.02,88.620003,21.1,123.230003,55.46,67.199997,22.9,76.010002,21.54,204.470001,24.5,85.760002,48.959998999999996,42.150002,100.199997,110.480003,45.950001,32.689999,28.719998999999998,78.760002,37.360001000000004,86.489998,62.91,95.25,52.889998999999996,78.889999,90.139999,15118.490234
8.52999,69.790001,94.760002,12.98,88.07,21.27,122.849998,54.449996999999996,67.32,22.85,76.66999799999999,21.349999,202.470001,24.08,85.849998,49.669998,42.189999,100.379997,110.5,46.169998,33.029999,29.370001000000002,78.589996,37.0,86.5,62.389998999999996,94.949997,52.549999,78.5,90.099998,15091.679688
8.559989999999999,71.510002,96.110001,13.34,87.550003,21.27,125.0,55.16,67.470001,23.01,77.32,21.52,203.21000700000002,23.84,86.970001,50.23,42.52,101.199997,110.589996,46.650002,33.529999,29.4,79.470001,37.23,87.900002,61.73,95.93,53.169998,78.779999,91.110001,15215.25
8.499991,72.779999,97.019997,13.44,87.0,21.209999,123.010002,55.549997999999995,67.66999799999999,23.24,77.879997,20.969998999999998,203.320007,24.200001,87.639999,51.09,42.919998,101.949997,111.5,46.73,33.849998,29.559998999999998,80.68,37.529999,87.779999,61.610001000000004,95.809998,53.599998,79.860001,91.239998,15275.69043
8.499991,72.230003,96.58000200000001,13.36,86.779999,23.889999,122.760002,55.489998,66.470001,23.27,76.75,21.359999,204.690002,23.940001000000002,87.449997,50.970001,43.09,101.120003,111.07,46.369999,34.080002,29.25,80.199997,37.380001,86.870003,62.139998999999996,95.16999799999999,53.200001,78.5,90.699997,15233.219727000002
8.609991,73.32,98.91999799999999,13.43,87.66999799999999,24.24,123.41999799999999,55.889998999999996,66.58000200000001,23.459999,76.860001,21.27,208.440002,24.040001,88.089996,52.299999,42.970001,101.540001,111.389999,45.990002000000004,34.869999,28.959999,80.019997,37.439999,86.5,62.84,97.349998,53.349998,77.870003,91.760002,15354.400391
8.75999,74.400002,98.720001,13.51,88.33000200000001,23.950001,124.779999,55.929999,66.120003,23.57,76.760002,21.179999,207.600006,24.08,88.010002,52.290001000000004,42.380001,101.540001,111.720001,45.209998999999996,35.080002,28.700001,79.089996,37.220001,85.550003,62.560001,97.230003,52.740002000000004,77.400002,92.519997,15335.280272999998
8.75999,75.110001,98.75,13.44,88.099998,24.01,125.940002,56.379998,65.83000200000001,23.66,78.709999,21.11,208.649994,24.15,88.589996,53.02,42.34,102.139999,112.010002,47.330002,34.849998,28.780001000000002,78.800003,36.939999,83.629997,62.869999,97.550003,52.07,77.389999,92.800003,15387.580078
8.68999,74.440002,97.93,13.31,87.699997,23.34,124.93,55.569998,65.57,23.860001,79.690002,21.229999,206.990005,24.07,88.459999,53.630001,42.25,101.739998,110.790001,46.709998999999996,34.610001000000004,29.299999,78.82,36.619999,83.769997,62.279999,96.25,51.470001,77.029999,92.190002,15307.169922
8.53999,74.690002,99.75,13.21,86.949997,23.51,125.400002,55.349998,65.230003,23.66,78.910004,24.859999,206.16000400000001,24.049999,87.209999,53.349998,41.93,101.029999,110.410004,47.330002,34.150002,29.110001,78.699997,36.740002000000004,83.5,62.360001000000004,95.489998,51.889998999999996,76.33000200000001,91.790001,15294.5
8.479989999999999,75.269997,100.0,13.24,86.209999,23.530001000000002,125.449997,55.349998,65.489998,23.530001000000002,78.989998,24.21,205.720001,23.92,86.82,53.66,42.240002000000004,100.290001,110.269997,47.16,34.27,29.040001,81.879997,36.75,83.599998,62.060001,95.040001,51.389998999999996,77.309998,91.529999,15303.099609
8.58999,76.160004,100.110001,13.35,86.190002,23.889999,126.43,55.889998999999996,66.690002,23.6,79.82,24.649998,207.779999,24.08,87.610001,54.599998,42.549999,101.239998,111.589996,47.619999,35.02,29.01,80.860001,36.18,83.220001,63.34,95.970001,50.82,77.32,92.379997,15409.389647999998
8.579991,75.83000200000001,99.089996,13.48,86.489998,24.120001000000002,125.489998,56.019997,66.260002,23.639999,79.489998,25.239998999999997,207.919998,24.27,85.650002,54.669998,41.400002,99.050003,111.129997,46.869999,34.880001,28.280001000000002,78.900002,35.91,83.66999799999999,63.349998,95.120003,49.57,76.230003,92.08000200000001,15302.799805
8.489989999999999,76.139999,100.540001,13.83,86.410004,24.370001000000002,125.110001,56.299997,64.650002,23.6,79.440002,25.259999,209.360001,24.209999,85.989998,55.619999,40.77,97.07,111.41999799999999,47.07,35.029999,28.25,79.089996,35.5,84.559998,64.660004,95.959999,49.080002,75.629997,92.089996,15324.530272999998
8.499991,75.709999,99.019997,13.66,85.800003,24.120001000000002,122.75,55.789999,63.080002,23.32,78.660004,24.419999,208.020004,24.280001000000002,84.18,54.59,39.990002000000004,96.57,110.269997,46.700001,34.900002,27.23,76.760002,34.990002000000004,83.720001,62.630001,94.900002,48.48,74.839996,90.470001,15115.570312
8.51999,76.470001,100.739998,13.55,86.129997,24.379998999999998,124.089996,56.129999,63.799999,23.639999,79.08000200000001,24.9,208.949997,25.24,84.709999,54.490002000000004,40.810001,97.959999,110.610001,48.450001,35.59,27.75,77.660004,35.07,83.760002,62.799999,95.230003,48.66,75.690002,91.459999,15254.030272999998
8.379991,76.059998,99.610001,13.36,85.91999799999999,24.360001,122.959999,55.789999,64.349998,23.66,76.629997,24.62,206.190002,25.360001,84.099998,54.040001000000004,41.419998,98.370003,110.019997,49.439999,34.990002000000004,27.66,77.370003,35.669998,83.82,62.360001000000004,94.279999,48.84,75.940002,90.790001,15177.540038999998
8.19999,74.760002,98.489998,13.09,84.41999799999999,24.32,121.57,54.609997,63.119999,23.32,75.099998,24.189999,202.740005,24.700001,83.68,53.029999,40.650002,96.41999799999999,108.589996,48.73,34.779999,27.48,76.660004,35.259997999999996,82.239998,61.75,93.010002,48.299999,75.25,89.650002,14960.589844
8.25999,76.239998,99.760002,13.2,84.0,24.549999,120.589996,54.789997,63.139998999999996,23.379998999999998,77.260002,24.249998,203.800003,24.65,84.459999,53.5,40.790001000000004,96.68,108.66999799999999,48.599998,34.959998999999996,28.110001,76.82,35.810001,81.739998,61.919998,92.75,49.970001,75.629997,90.230003,15040.620116999999
8.329991,78.040001,102.489998,13.38,84.650002,24.49,121.699997,55.44,64.849998,23.860001,78.739998,24.809998,206.350006,24.59,84.910004,54.27,41.41,98.279999,111.110001,48.189999,35.669998,28.26,77.75,35.450001,83.440002,62.57,94.5,50.240002000000004,76.33000200000001,91.449997,15248.120116999999
8.359991,78.279999,102.239998,13.3,83.800003,24.360001,122.690002,55.52,63.830002,23.780001000000002,77.730003,24.49,205.020004,25.01,85.139999,54.360001000000004,41.18,99.529999,110.809998,48.459998999999996,35.470001,28.370001000000002,78.07,35.990002000000004,83.300003,63.68,94.139999,50.529999,75.75,91.120003,15238.589844
8.229989999999999,76.519997,101.75,13.12,83.519997,24.07,121.449997,54.849998,63.799999,23.58,77.610001,24.239998,203.979996,24.709999,84.690002,53.490002000000004,40.790001000000004,98.230003,110.220001,47.560001,34.84,28.42,78.120003,35.759997999999996,82.08000200000001,63.93,93.68,50.18,75.25,90.459999,15122.019531
8.179991000000001,74.720001,100.879997,13.06,83.209999,23.99,119.970001,54.229997,62.990002000000004,23.5,76.400002,24.909998,201.199997,24.459999,83.739998,53.18,40.389998999999996,98.239998,109.029999,47.25,35.0,28.43,77.599998,35.619999,81.449997,63.830002,92.68,49.900002,74.839996,89.739998,14995.230469
8.19999,75.209999,102.160004,13.21,85.139999,24.35,121.660004,53.879998,64.300003,23.68,76.529999,24.929998,203.770004,24.99,84.910004,54.169998,40.41,98.879997,111.199997,47.900002,34.720001,29.08,78.43,36.299999,82.800003,64.150002,94.290001,50.639998999999996,75.0,91.33000200000001,15176.080078
8.119991,72.970001,101.83000200000001,13.07,83.870003,24.09,120.279999,52.679997,63.799999,23.52,76.589996,24.739998999999997,202.199997,24.92,84.910004,53.130001,40.34,98.41999799999999,111.029999,47.950001,34.400002,29.09,78.029999,35.91,82.150002,63.799999,94.019997,51.07,74.870003,90.58000200000001,15070.179688
8.109991,73.839996,103.029999,13.21,83.91999799999999,24.700001,121.220001,53.699998,64.489998,23.77,76.139999,25.16,203.03999299999998,25.1,85.629997,53.849998,40.68,98.739998,111.910004,47.799999,35.0,29.16,78.959999,35.759997999999996,83.230003,64.370003,94.980003,50.709998999999996,74.949997,91.510002,15179.849609
8.209991,74.980003,104.08000200000001,13.27,84.550003,24.82,121.519997,54.019998,65.290001,24.33,77.190002,25.44,204.869995,25.469998999999998,86.360001,54.110001000000004,40.93,99.75,112.970001,47.75,34.98,29.4,79.040001,36.169998,84.089996,65.68,96.16999799999999,51.549999,75.730003,91.93,15318.230469
8.109991,74.230003,102.25,13.19,84.25,24.68,120.5,53.47,64.33000200000001,23.98,75.93,25.43,201.940002,25.0,84.860001,53.549999,40.41,98.809998,111.57,47.580002,34.59,29.1,77.610001,35.25,82.279999,65.260002,94.18,50.049999,74.459999,91.0,15112.19043
8.019991000000001,72.91999799999999,99.639999,12.89,83.199997,24.440001000000002,117.949997,52.589999,61.98,23.25,73.870003,24.719998999999998,197.350006,24.190001000000002,82.620003,52.48,39.130001,96.790001,108.779999,46.310001,33.490002000000004,28.639999,75.25,34.349998,79.779999,63.799999,92.349998,48.959998999999996,73.029999,89.050003,14758.320312
7.979991,73.309998,99.980003,12.69,83.120003,24.48,118.93,52.909999,62.73,23.360001,73.82,24.149998999999998,195.46000700000002,24.200001,83.199997,51.959998999999996,39.759997999999996,97.230003,109.589996,47.0,33.27,28.459999,77.43,34.470001,79.07,63.900002,92.18,49.52,73.510002,89.480003,14799.400391
7.7899910000000006,72.010002,97.849998,12.3,81.519997,24.059998999999998,116.82,52.659997,62.439999,22.93,73.510002,23.429998,193.53999299999998,23.58,84.610001,50.919998,39.529999,97.290001,107.5,46.41,33.720001,27.709999,76.58000200000001,34.459998999999996,77.849998,64.650002,91.489998,49.119999,74.199997,88.480003,14659.55957
7.9199910000000004,73.230003,98.66999799999999,12.67,82.33000200000001,24.01,117.449997,52.879996999999996,62.57,23.110001,74.139999,23.849998,194.979996,23.879998999999998,85.349998,52.080002,39.720001,97.519997,108.239998,46.23,33.669998,27.99,76.690002,35.029999,78.43,63.73,91.779999,50.439999,74.370003,89.110001,14760.30957
7.7499910000000005,73.900002,100.75,12.76,82.099998,24.389999,118.150002,53.53,63.209998999999996,23.25,75.66999799999999,24.009999,194.860001,24.01,86.989998,52.5,40.330002,98.839996,109.68,46.689999,34.349998,28.1,77.400002,35.330002,79.790001,64.779999,92.980003,50.66,75.010002,89.800003,14910.139647999998
7.869991000000001,75.120003,103.150002,13.01,82.959999,24.629998999999998,118.709999,53.57,63.720001,23.32,76.269997,24.77,195.649994,24.049999,86.709999,53.150002,40.259997999999996,99.650002,110.239998,47.279999,34.619999,28.18,77.66999799999999,35.630001,80.339996,66.089996,93.510002,51.0,75.260002,90.040001,15024.490234
7.819991,74.760002,102.440002,12.86,82.489998,24.34,118.339996,52.5,63.150002,23.190001000000002,77.470001,24.799998000000002,191.110001,24.23,85.860001,52.790001000000004,40.110001000000004,99.0,109.349998,46.450001,34.540001000000004,28.01,76.989998,35.400002,79.91999799999999,65.480003,92.940002,50.34,74.489998,90.349998,14909.599609
7.859991,75.639999,103.239998,12.93,82.720001,24.34,119.08000200000001,52.719997,63.93,23.34,76.870003,24.929998,191.279999,23.889999,86.629997,52.490002000000004,40.459998999999996,99.82,109.309998,46.32,34.360001000000004,27.780001000000002,78.019997,35.299999,81.110001,65.629997,94.739998,50.360001000000004,74.589996,90.300003,14974.959961000002
7.799991,74.620003,101.470001,12.9,82.480003,24.32,119.150002,52.540001000000004,63.259997999999996,22.9,77.309998,25.02,191.5,23.719998999999998,86.57,52.799999,40.369999,99.93,108.730003,46.549999,33.939999,27.700001,78.440002,35.529999,79.82,65.269997,93.800003,50.630001,74.709999,90.639999,14932.410156
7.7099910000000005,74.58000200000001,102.889999,12.83,81.849998,24.59,119.08000200000001,52.4,63.610001000000004,22.91,77.730003,25.179998,193.25,23.76,86.779999,52.77,40.490002000000004,100.349998,109.449997,46.549999,34.009997999999996,27.65,78.57,35.619999,80.400002,65.540001,94.730003,51.009997999999996,74.760002,90.690002,14988.370116999999
7.809991,76.309998,104.199997,13.06,82.139999,24.57,120.510002,52.999997,63.82,23.24,78.290001,25.579998,194.929993,24.059998999999998,87.870003,53.990002000000004,40.52,99.860001,111.540001,47.16,34.209998999999996,27.969998999999998,78.339996,35.830002,81.339996,66.16999799999999,96.529999,51.299999,75.209999,91.57,15135.839844
7.9199910000000004,77.040001,104.370003,13.28,83.199997,24.629998999999998,121.239998,53.759997999999996,64.709999,23.32,79.220001,25.17,194.979996,23.190001000000002,88.589996,54.700001,40.540001000000004,99.879997,112.129997,47.41,34.330002,28.129998999999998,78.760002,35.580002,81.760002,67.559998,96.980003,51.169998,76.709999,92.25,15224.69043
7.909991000000001,77.610001,104.68,13.53,85.33000200000001,25.16,123.269997,53.91,64.940002,23.620001000000002,79.699997,25.469998,191.300003,23.139999,88.879997,54.889998999999996,40.830002,99.989998,113.349998,47.619999,34.349998,28.35,79.57,35.599998,82.050003,67.970001,98.019997,50.959998999999996,77.029999,93.339996,15300.339844
7.9199910000000004,76.33000200000001,105.5,13.37,84.959999,25.41,122.900002,53.919998,64.910004,23.540001,79.400002,25.929999,192.25,23.25,89.239998,54.830002,40.68,99.980003,113.43,47.959998999999996,34.700001,28.440001000000002,79.800003,35.389998999999996,81.57,67.690002,97.790001,50.540001000000004,76.769997,92.82,15291.660156
8.099991000000001,76.940002,106.879997,13.51,86.699997,25.870001000000002,123.769997,54.539999,66.58000200000001,23.940001000000002,79.860001,26.38,192.800003,23.99,89.66999799999999,55.139998999999996,41.029999,100.790001,114.529999,48.310001,35.689999,28.77,80.769997,35.869999,82.699997,68.360001,99.690002,51.209998999999996,77.629997,93.269997,15460.919922
8.099991000000001,78.33000200000001,101.870003,13.78,87.16999799999999,25.940001000000002,124.059998,54.409997,66.980003,23.76,80.540001,26.189999,192.070007,23.9,89.989998,54.970001,41.029999,101.58000200000001,115.139999,48.540001000000004,35.669998,28.809998999999998,81.550003,35.810001,84.18,68.0,99.83000200000001,50.41,77.629997,93.400002,15464.299805
8.169989999999999,77.849998,105.660004,13.88,87.400002,25.93,124.68,54.629996999999996,65.93,23.629998999999998,80.400002,26.38,194.0,23.940001000000002,90.400002,54.889998999999996,41.009997999999996,100.75,114.849998,48.52,36.169998,28.790001,81.510002,35.549999,83.279999,67.620003,100.239998,49.959998999999996,77.029999,93.25,15484.259766
8.109991,78.269997,104.230003,13.92,88.16999799999999,25.709999,124.120003,54.379999,65.029999,23.43,80.220001,26.449999,193.850006,24.25,90.400002,55.009997999999996,40.23,100.879997,114.339996,48.23,36.27,28.68,80.970001,35.880001,83.230003,66.910004,99.989998,50.279999,77.370003,93.300003,15451.849609
8.189991000000001,76.800003,104.790001,14.31,86.66999799999999,25.719998999999998,124.349998,57.249997,65.360001,23.540001,80.440002,26.309998999999998,194.550003,24.15,90.129997,55.27,40.84,100.099998,114.639999,48.130001,35.740002000000004,28.68,80.089996,35.959998999999996,83.989998,66.230003,100.860001,50.740002000000004,77.199997,93.459999,15470.519531
8.209991,74.010002,107.629997,14.76,85.720001,25.860001,125.470001,57.469997,65.82,23.629998999999998,80.019997,26.329999,197.990005,23.24,90.16999799999999,56.369999,40.810001,100.18,115.480003,47.400002,35.439999,28.49,80.300003,35.740002000000004,84.529999,70.550003,101.339996,49.970001,77.339996,94.379997,15548.540038999998
8.069991,74.059998,106.959999,14.75,85.650002,25.82,126.910004,57.139998999999996,65.160004,24.719998999999998,79.889999,25.139999,193.53999299999998,23.040001,92.230003,56.16,41.09,100.269997,116.190002,47.790001000000004,31.4,29.09,81.370003,35.810001,84.660004,71.449997,102.480003,49.950001,78.08000200000001,95.16999799999999,15543.740234
8.119991,74.720001,106.860001,14.92,86.0,25.719998999999998,127.029999,57.169996999999995,64.400002,24.860001,80.0,25.509999,194.08999599999999,22.77,92.279999,56.560001,40.84,97.58000200000001,116.279999,47.720001,32.009997999999996,29.35,81.220001,35.580002,85.43,72.18,102.110001,50.27,77.870003,94.83000200000001,15545.549805
8.13999,74.410004,107.790001,14.94,85.519997,25.559998999999998,127.260002,57.119997999999995,64.449997,24.709999,80.190002,25.729998000000002,194.979996,22.75,92.41999799999999,56.669998,40.959998999999996,96.760002,116.75,47.93,31.82,29.42,80.949997,35.810001,82.209999,72.690002,105.120003,50.360001000000004,78.550003,95.199997,15567.740234
8.049991,75.360001,106.949997,14.71,83.440002,25.59,126.370003,57.379999,64.639999,24.620001000000002,80.269997,26.11,196.610001,22.93,92.360001,56.630001,40.860001000000004,96.660004,116.33000200000001,47.77,31.959999,29.280001000000002,80.269997,35.400002,82.18,72.529999,104.989998,50.380001,78.230003,94.989998,15542.240234
8.029991,75.769997,106.699997,14.83,82.139999,25.5,127.760002,57.589997,64.550003,24.690001000000002,78.989998,26.24,197.220001,23.059998999999998,92.57,56.5,40.84,97.489998,116.550003,48.169998,31.389999,29.190001000000002,80.410004,35.459998999999996,82.849998,72.620003,104.790001,50.709998999999996,78.010002,94.970001,15555.610352000002
8.069991,75.339996,105.599998,14.73,82.059998,25.5,127.559998,57.659999,64.980003,24.65,78.739998,25.989998,197.350006,23.26,92.83000200000001,56.049999,40.639998999999996,98.029999,116.910004,48.490002000000004,31.620001000000002,29.370001000000002,80.389999,35.599998,83.599998,72.209999,104.970001,51.02,78.0,94.790001,15558.830078
8.039991,75.059998,104.809998,14.52,83.019997,25.33,126.16999799999999,57.539999,64.610001,24.49,78.66999799999999,25.669999,196.21000700000002,23.24,93.209999,55.689999,40.279999,97.870003,116.610001,48.34,31.540001,29.540001,80.089996,35.880001,83.410004,72.790001,105.07,51.490002000000004,77.989998,94.029999,15521.969727000002
8.029991,75.190002,105.730003,14.52,83.190002,25.67,125.779999,57.679999,64.18,24.48,78.599998,25.779999,196.009995,23.379998999999998,93.16999799999999,55.330002,40.32,98.370003,116.839996,48.049999,31.85,29.67,80.440002,35.419998,83.389999,72.269997,105.57,50.419998,77.889999,93.809998,15520.589844
7.949991000000001,73.769997,105.099998,14.6,82.910004,25.59,125.889999,57.689997,64.650002,24.370001000000002,79.029999,25.679999,195.03999299999998,23.34,93.5,55.73,40.080002,98.08000200000001,117.43,48.169998,31.84,29.23,80.300003,35.27,83.550003,72.849998,105.57,49.48,77.940002,93.75,15499.540038999998
7.949991000000001,75.629997,106.699997,14.95,84.440002,25.889999,126.440002,58.449998,65.360001,24.620001000000002,78.639999,26.23,195.809998,23.200001,93.769997,56.540001000000004,40.57,99.0,118.410004,48.580002,31.67,29.110001,81.639999,35.720001,84.360001,73.160004,107.18,50.009997999999996,78.220001,92.730003,15628.019531
7.969991,75.690002,107.900002,14.84,84.300003,26.190001000000002,124.949997,59.919998,66.510002,24.700001,80.230003,26.999999,195.16000400000001,23.219998999999998,94.389999,56.490002000000004,40.220001,99.199997,118.260002,48.540001000000004,31.889999,29.370001000000002,81.290001,35.77,84.0,72.260002,107.769997,50.25,78.75,91.949997,15658.360352000002
7.9999910000000005,75.93,107.5,14.8,83.559998,26.309998999999998,123.989998,59.59,66.019997,24.52,79.660004,27.029999,195.5,22.92,93.800003,56.099998,40.290001000000004,99.309998,117.91999799999999,48.529999,31.700001,29.190001000000002,81.400002,35.669998,83.150002,73.339996,106.639999,50.209998999999996,78.769997,91.589996,15612.129883000001
7.909991000000001,75.809998,107.040001,14.64,82.529999,26.209999,123.139999,59.199996999999996,67.050003,24.309998999999998,80.050003,26.439999,190.990005,22.799999,93.809998,55.490002000000004,40.369999,98.690002,117.5,48.439999,31.58,29.34,81.739998,35.48,82.360001,73.239998,105.199997,50.09,77.870003,91.470001,15518.740234
7.7899910000000006,75.139999,106.41999799999999,14.53,82.43,26.120001000000002,123.33000200000001,59.599998,65.910004,24.34,78.83000200000001,26.689998,188.559998,22.700001,93.660004,55.299999,40.150002,98.33000200000001,117.83000200000001,48.549999,32.060001,29.26,81.959999,35.59,81.860001,72.91999799999999,106.029999,49.93,77.370003,91.339996,15470.669922
7.909991000000001,76.190002,105.839996,14.61,83.959999,26.26,123.07,59.759997999999996,65.75,24.33,80.040001,26.869999,187.929993,22.450001,93.339996,54.830002,40.200001,98.040001,118.68,48.470001,32.889998999999996,29.129998999999998,82.16999799999999,35.290001000000004,82.029999,73.18,106.260002,49.619999,77.25,91.779999,15498.320312
8.219991,75.5,105.33000200000001,14.45,84.510002,26.049999,122.5,59.739998,64.730003,24.25,78.970001,26.77,187.820007,22.51,92.360001,54.52,40.16,97.620003,118.309998,48.389998999999996,32.700001,29.209999,81.639999,34.799999,82.099998,72.93,105.620003,49.32,76.900002,90.720001,15425.509766
8.25999,75.489998,104.239998,14.41,86.32,26.34,121.800003,59.879998,63.93,24.27,79.199997,26.739998999999997,189.08999599999999,22.639999,92.0,54.09,39.830002,97.040001,118.379997,48.470001,32.869999,29.190001000000002,81.620003,34.919998,82.32,72.389999,105.540001,49.650002,77.08000200000001,89.889999,15419.679688
8.149991,76.230003,106.230003,14.51,86.57,26.32,122.5,59.71,63.98,24.200001,79.440002,27.299999,188.419998,22.52,93.010002,54.290001000000004,39.650002,96.449997,118.66999799999999,48.43,32.23,29.27,81.660004,34.720001,81.940002,73.349998,106.800003,49.150002,76.860001,89.400002,15451.009766
8.159991,75.879997,104.160004,14.6,85.82,26.379998999999998,122.050003,59.369999,63.959998999999996,24.07,77.440002,27.18,187.529999,22.57,90.699997,54.150002,39.529999,96.110001,117.620003,48.57,32.349998,29.030001000000002,81.25,34.77,82.18,72.489998,105.059998,48.889998999999996,76.400002,88.949997,15337.660156
8.159991,74.879997,102.730003,14.32,85.860001,24.48,120.25,58.739996999999995,62.380001,24.0,75.139999,25.949999,185.78999299999998,22.030001000000002,89.550003,53.290001000000004,39.09,95.389999,115.849998,47.970001,31.790001,28.799999,80.480003,34.349998,81.07,71.400002,102.989998,48.540001000000004,74.410004,88.160004,15112.19043
8.119991,75.16999799999999,103.470001,14.42,85.160004,24.27,119.879997,58.28,62.169998,23.950001,75.379997,26.419998,185.33999599999999,21.91,89.370003,53.290001000000004,39.049999,95.029999,115.900002,47.700001,31.799999,28.370001000000002,79.900002,34.18,81.099998,71.43,103.08000200000001,47.709998999999996,74.110001,87.910004,15081.469727000002
7.939991,74.339996,104.720001,14.15,84.199997,24.27,118.660004,57.529996999999995,61.830002,23.85,75.209999,25.879998,184.229996,22.280001000000002,90.449997,51.830002,38.779999,95.480003,115.610001,47.580002,31.389999,28.459999,79.589996,33.790001000000004,80.230003,71.709999,102.629997,47.5,73.58000200000001,86.91999799999999,15010.740234
7.9999910000000005,74.269997,104.629997,14.29,83.860001,24.32,118.290001,57.529996999999995,61.880001,23.719998999999998,74.290001,25.84,184.559998,22.52,89.730003,52.119999,38.650002,95.5,115.41999799999999,47.560001,31.620001000000002,28.530001000000002,79.529999,33.869999,80.269997,72.459999,102.400002,47.91,73.230003,86.83000200000001,15002.990234
7.839991,73.440002,103.910004,14.34,82.940002,24.07,117.699997,57.150001,61.139998999999996,23.610001,73.730003,25.379998999999998,184.860001,22.17,88.800003,51.630001,38.279999,95.110001,113.41999799999999,47.459998999999996,31.610001,28.24,79.379997,33.48,79.41999799999999,71.849998,101.699997,47.27,73.550003,86.41999799999999,14897.549805
8.029991,73.860001,105.139999,14.57,84.16999799999999,24.01,118.290001,57.549997,61.639998999999996,23.780001000000002,74.0,22.22,185.190002,22.26,88.260002,52.209998999999996,38.310001,95.459999,114.66999799999999,47.810001,32.389998999999996,28.16,79.769997,33.82,80.550003,71.970001,102.959999,47.02,73.459999,86.980003,14963.740234
8.049991,73.650002,105.480003,14.57,83.889999,23.860001,119.529999,57.9,61.73,23.780001000000002,73.889999,22.399998999999998,185.419998,22.440001000000002,88.410004,52.32,38.52,95.129997,114.400002,47.73,34.75,28.34,80.010002,34.290001000000004,80.190002,72.540001,102.800003,47.610001000000004,73.440002,87.519997,15010.509766
8.059991,73.610001,105.529999,14.49,83.559998,23.83,118.839996,57.569997,61.349998,23.610001,75.43,22.269999,184.740005,22.27,87.529999,51.799999,38.119999,95.309998,114.33000200000001,47.619999,34.150002,28.02,78.540001,33.82,80.120003,72.379997,102.300003,46.939999,73.029999,87.089996,14946.459961000002
7.9199910000000004,71.910004,103.209999,14.11,82.699997,23.48,118.809998,56.75,60.689999,23.18,74.120003,21.989998999999997,182.740005,22.190001000000002,86.16999799999999,50.599998,38.150002,94.839996,112.730003,47.110001000000004,33.259997999999996,28.0,77.970001,33.689999,79.739998,71.519997,99.940002,46.950001,72.860001,86.82,14776.129883000001
7.929991,72.010002,103.269997,14.12,82.449997,23.450001,121.809998,56.79,60.810001,23.200001,75.029999,22.61,182.16000400000001,22.290001,86.529999,50.580002,38.349998,96.08000200000001,113.0,47.09,33.02,28.209999,76.849998,33.580002,79.889999,71.540001,99.980003,46.560001,72.379997,88.839996,14824.509766
7.809991,72.220001,104.93,14.17,82.529999,23.450001,120.370003,56.659998,61.080002,23.110001,75.050003,22.519998,182.639999,22.059998999999998,86.57,50.700001,38.099998,94.860001,113.32,47.099998,33.549999,28.1,77.309998,33.650002,80.25,72.440002,100.459999,47.82,72.43,87.269997,14840.950195
7.699991000000001,71.910004,103.91999799999999,14.12,82.540001,23.309998999999998,120.43,56.619997999999995,60.830002,23.139999,74.489998,22.34,182.270004,21.98,86.410004,50.529999,38.18,94.360001,113.58000200000001,47.290001000000004,33.400002,28.209999,77.889999,33.830002,79.900002,71.739998,100.099998,47.380001,72.980003,87.160004,14810.30957
7.7199919999999995,72.43,105.010002,14.25,82.510002,23.48,120.550003,56.39,60.93,23.059998999999998,73.900002,22.369998000000002,183.96000700000002,22.07,86.41999799999999,51.130001,37.900002,94.519997,113.220001,47.209998999999996,31.879998999999998,28.01,77.75,33.32,80.57,72.559998,102.660004,46.009997999999996,72.68,87.150002,14833.959961000002
7.839991,73.139999,106.370003,14.32,83.540001,23.77,120.860001,57.229997,61.110001000000004,23.17,74.139999,22.269999,183.130005,22.639999,86.900002,51.869999,38.540001000000004,95.160004,114.550003,47.68,31.200001,28.370001000000002,77.489998,33.740002000000004,81.07,73.349998,103.360001,46.779999,72.910004,87.760002,14930.870116999999
7.869991000000001,73.800003,106.650002,14.37,82.949997,23.690001000000002,121.370003,57.609997,61.299999,23.16,72.989998,22.119998000000002,184.149994,22.6,87.040001,52.110001000000004,38.240002000000004,95.660004,114.870003,47.509997999999996,31.23,28.27,77.139999,33.34,80.660004,74.040001,103.68,46.639998999999996,72.66999799999999,87.349998,14937.480469
7.9199910000000004,73.349998,106.07,14.36,83.389999,23.549999,121.209999,57.11,61.389998999999996,23.16,72.699997,22.419999,183.029999,22.67,87.160004,52.560001,38.349998,96.260002,115.040001,47.490002000000004,31.15,28.280001000000002,77.150002,33.41,80.489998,74.059998,103.230003,46.34,72.589996,87.25,14922.5
8.079991,73.660004,107.190002,14.48,85.589996,23.92,122.220001,57.499999,61.59,23.389999,73.58000200000001,22.359998,184.979996,22.91,87.559998,52.860001000000004,38.52,96.449997,116.739998,47.740002000000004,31.66,28.299999,78.160004,33.630001,82.190002,74.25,104.480003,45.91,73.510002,88.040001,15063.120116999999
8.049991,74.599998,108.16999799999999,14.61,86.610001,24.16,123.010002,58.04,62.830002,23.870001000000002,74.599998,22.269999,186.600006,22.98,88.529999,53.669998,38.630001,96.889999,117.589996,47.98,32.389998999999996,28.450001,77.949997,33.970001,82.540001,74.629997,106.260002,46.470001,73.959999,87.82,15191.05957
8.189991000000001,75.18,109.230003,14.65,87.129997,24.379998999999998,123.91999799999999,58.829999,63.939999,24.09,75.040001,22.269999,190.699997,22.809998999999998,89.230003,53.259997999999996,38.779999,97.459999,118.709999,48.139998999999996,32.740002000000004,28.67,78.269997,33.970001,83.730003,75.18,107.83000200000001,46.52,74.050003,88.839996,15326.599609
8.159991,75.290001,109.800003,14.48,86.839996,24.290001,123.889999,58.06,65.489998,23.85,75.400002,21.959998000000002,190.729996,22.629998999999998,89.010002,52.240002000000004,38.439999,97.18,118.199997,47.849998,32.689999,28.309998999999998,78.260002,34.380001,83.120003,74.739998,107.83000200000001,47.349998,73.910004,87.980003,15300.639647999998
8.079991,75.300003,111.33000200000001,14.49,87.010002,24.32,124.139999,58.879996999999996,66.690002,23.780001000000002,75.110001,22.07,192.169998,23.440001000000002,88.57,52.59,38.689999,97.349998,118.599998,47.790001000000004,33.029999,28.51,79.050003,34.32,83.559998,74.480003,108.389999,47.759997999999996,74.360001,88.400002,15376.05957
8.099991000000001,75.599998,115.66999799999999,14.53,87.18,24.379998999999998,124.08000200000001,59.699998,66.940002,24.139999,75.540001,21.739998999999997,193.149994,23.389999,89.029999,53.139998999999996,38.860001000000004,97.709999,119.230003,48.189999,32.799999,28.709999,80.160004,34.57,84.57,75.120003,109.699997,48.299999,74.779999,88.66999799999999,15494.780272999998
8.25999,76.91999799999999,117.110001,14.55,87.07,24.370001000000002,124.339996,59.619997999999995,66.980003,24.450001,75.800003,21.67,192.16000400000001,23.74,89.059998,53.09,38.790001000000004,97.91999799999999,119.93,48.009997999999996,32.93,28.639999,79.83000200000001,34.75,84.870003,74.309998,110.389999,48.57,75.150002,88.940002,15529.730469
8.54999,77.639999,118.400002,14.71,87.839996,24.799999,125.82,60.439999,67.110001,24.860001,77.370003,21.8,194.419998,23.9,89.910004,53.41,39.59,98.699997,121.290001,48.400002,33.32,29.040001,80.300003,34.950001,85.910004,73.040001,111.010002,48.720001,76.41999799999999,89.58000200000001,15676.94043
8.439991000000001,77.57,119.040001,14.61,87.75,24.610001,125.440002,60.329997,65.720001,24.459999,78.510002,21.309998,193.389999,23.91,90.07,52.75,39.310001,97.91999799999999,121.57,48.259997999999996,33.639998999999996,28.84,80.120003,34.810001,86.900002,70.839996,112.0,48.509997999999996,76.209999,89.279999,15636.549805
8.28999,77.32,116.629997,14.44,84.75,24.51,124.91999799999999,59.419996999999995,65.010002,24.01,77.0,21.219998999999998,190.020004,23.77,89.68,52.799999,39.400002,96.900002,120.010002,48.009997999999996,32.790001000000004,28.969998999999998,79.389999,34.310001,86.059998,70.57,109.58000200000001,47.779999,75.83000200000001,88.660004,15451.089844
8.27999,76.440002,117.510002,14.14,85.029999,24.27,125.519997,59.409999,64.75,24.280001000000002,75.910004,21.199999,190.990005,23.620001000000002,89.089996,51.459998999999996,38.630001,97.279999,121.110001,47.68,32.740002000000004,28.799999,79.279999,34.220001,86.379997,71.82,109.41999799999999,47.98,76.41999799999999,87.75,15401.379883000001
8.299991,76.07,119.0,14.09,85.110001,24.139999,124.489998,59.319997,64.32,24.32,76.040001,21.239998999999997,189.970001,23.700001,88.220001,50.32,38.529999,97.779999,120.800003,47.529999,32.450001,28.709999,78.620003,34.09,85.870003,72.32,110.0,47.27,75.75,87.360001,15334.589844
8.329991,75.989998,118.510002,14.14,84.5,24.43,124.07,59.319997,64.449997,24.23,75.519997,21.4,189.470001,23.700001,87.08000200000001,51.700001,38.330002,97.620003,120.199997,47.669998,32.509997999999996,28.49,77.720001,34.049999,85.980003,71.980003,109.260002,46.950001,74.650002,87.139999,15273.259766
